{"cameraMode":{"drawMode":0,"name":"Shaded","section":"Shading Mode"},"sceneLighting":false,"audioPlay":false,"sceneViewState":{"m_AlwaysRefresh":false,"showFog":true,"showSkybox":true,"showFlares":true,"showImageEffects":true,"showParticleSystems":true,"showVisualEffectGraphs":true,"m_FxEnabled":true},"in2DMode":false,"pivot":{"x":578.7324829101563,"y":318.71270751953127,"z":-10.568346977233887},"rotation":{"x":-0.02430437132716179,"y":-0.01589725911617279,"z":0.00039071671199053526,"w":-0.9995846748352051},"size":360.47015380859377,"orthographic":false}