{"cameraMode":{"drawMode":0,"name":"Shaded","section":"Shading Mode"},"sceneLighting":false,"audioPlay":false,"sceneViewState":{"m_AlwaysRefresh":false,"showFog":true,"showSkybox":false,"showFlares":true,"showImageEffects":true,"showParticleSystems":true,"showVisualEffectGraphs":true,"m_FxEnabled":true},"in2DMode":false,"pivot":{"x":0.44715118408203127,"y":0.8062357902526856,"z":-0.37491607666015627},"rotation":{"x":-0.16727256774902345,"y":0.19005842506885529,"z":-0.032881464809179309,"w":-0.9668628573417664},"size":7.815957546234131,"orthographic":false}