{"cameraMode":{"drawMode":0,"name":"Shaded","section":"Shading Mode"},"sceneLighting":false,"audioPlay":false,"sceneViewState":{"m_AlwaysRefresh":false,"showFog":true,"showSkybox":false,"showFlares":true,"showImageEffects":true,"showParticleSystems":true,"showVisualEffectGraphs":true,"m_FxEnabled":true},"in2DMode":false,"pivot":{"x":0.5503964424133301,"y":0.2427440881729126,"z":-1.6684021949768067},"rotation":{"x":-0.09904931485652924,"y":-0.044169314205646518,"z":0.004400701727718115,"w":-0.9940956830978394},"size":2.641077756881714,"orthographic":false}